{"assets/calculator.png":["assets/calculator.png"],"assets/cosmetics.png":["assets/cosmetics.png"],"assets/github.png":["assets/github.png"],"assets/in.png":["assets/in.png"],"assets/jay.png":["assets/jay.png"],"assets/profile.png":["assets/profile.png"],"assets/profilemuk.png":["assets/profilemuk.png"],"assets/project.png":["assets/project.png"],"assets/trash.png":["assets/trash.png"],"assets/wallpaper.png":["assets/wallpaper.png"],"packages/cupertino_icons/assets/CupertinoIcons.ttf":["packages/cupertino_icons/assets/CupertinoIcons.ttf"]}